Type,Name,Request Count,Failure Count,Median Response Time,Average Response Time,Min Response Time,Max Response Time,Average Content Size,Requests/s,Failures/s,50%,66%,75%,80%,90%,95%,98%,99%,99.9%,99.99%,100%
PUT,add product to basket,96719,174,3400.0,6120.905788041587,4.668671000217728,60009.64791000024,981.9799935896773,74.15390109029485,0.13340479936425423,3400,5500,7400,10000,19000,23000,34000,39000,60000,60000,60000
POST,create basket,10731,2,1600.0,3027.770222162238,3.6047330004294054,60003.66297800065,84.0089460441711,8.22739598837823,0.0015333884984397037,1600,2500,3200,4600,8900,12000,21000,25000,42000,60000,60000
GET,get basket,48537,8,1700.0,3287.115554148674,2.6874220002355287,60005.662514000505,893.1826029626883,37.213038774383946,0.006133553993758815,1700,2700,3600,4800,9100,12000,21000,24000,41000,60000,60000
,Aggregated,155987,184,2200.0,5026.352303841552,2.6874220002355287,60009.64791000024,892.5745542897805,119.59433585305703,0.14107174185645274,2200,4400,6300,8000,16000,21000,32000,36000,60000,60000,60000
